day,Date,Deep work 4h,Journal,Meditation,"Progress ",Read 10p,Running 30min,Workout
"@September 14, 2024 ",,No,No,No,0%,No,No,No
"@March 11, 2024 ","March 10, 2024",Yes,Yes,Yes,100%,Yes,Yes,Yes
"@September 15, 2024 ",,No,No,No,0%,No,No,No
"@August 7, 2024 ",,No,No,No,0%,No,No,No
"@September 8, 2024 ",,No,No,No,0%,No,No,No
"@March 9, 2024 ","March 12, 2024",Yes,Yes,Yes,100%,Yes,Yes,Yes
"@March 15, 2024 ",,No,No,No,0%,No,No,No
"@September 2, 2024 ",,No,No,No,0%,No,No,No
"@September 16, 2024 ",,No,No,No,0%,No,No,No
"@September 29, 2024 ",,No,No,No,0%,No,No,No
"@September 23, 2024 ",,No,No,No,0%,No,No,No
"@September 21, 2024 ",,No,No,No,0%,No,No,No
"@September 27, 2024 ",,No,No,No,0%,No,No,No
"@September 25, 2024 ",,No,No,No,0%,No,No,No
"@September 19, 2024 ",,No,No,No,0%,No,No,No
"@September 28, 2024 ",,No,No,No,0%,No,No,No
"@September 20, 2024 ",,No,No,No,0%,No,No,No
"@September 24, 2024 ",,No,No,No,0%,No,No,No
"@September 22, 2024 ",,No,No,No,0%,No,No,No
"@September 17, 2024 ",,No,No,No,0%,No,No,No
"@September 26, 2024 ",,No,No,No,0%,No,No,No
"@September 18, 2024 ",,No,No,No,0%,No,No,No
"@October 4, 2024 ","October 4, 2024",Yes,Yes,Yes,100%,Yes,Yes,Yes
"@October 14, 2024 ",,No,No,No,0%,No,No,No
"@October 16, 2024 ",,No,No,No,0%,No,No,No
"@October 10, 2024 ",,No,No,No,0%,No,No,No
"@October 5, 2024 ","October 5, 2024",No,No,No,0%,No,No,No
"@October 6, 2024 ",,No,No,No,0%,No,No,No
"@October 15, 2024 ",,No,No,No,0%,No,No,No
"@September 30, 2024 ",,No,No,No,0%,No,No,No
"@October 9, 2024 ",,No,No,No,0%,No,No,No
"@October 1, 2024 ",,No,No,No,0%,No,No,No
"@October 7, 2024 ",,No,No,No,0%,No,No,No
"@October 13, 2024 ",,No,No,No,0%,No,No,No
"@October 8, 2024 ",,No,No,No,0%,No,No,No
"@October 11, 2024 ",,No,No,No,0%,No,No,No
"@October 5, 2024 ",,No,No,No,0%,No,No,No
"@October 12, 2024 ",,No,No,No,0%,No,No,No
"@October 2, 2024 ",,No,No,No,0%,No,No,No
"@October 18, 2024 ",,No,No,No,0%,No,No,No
"@October 21, 2024 ",,No,No,No,0%,No,No,No
"@October 23, 2024 ",,No,No,No,0%,No,No,No
"@October 27, 2024 ",,No,No,No,0%,No,No,No
"@October 22, 2024 ",,No,No,No,0%,No,No,No
"@November 1, 2024 ",,No,No,No,0%,No,No,No
"@October 24, 2024 ",,No,No,No,0%,No,No,No
"@October 25, 2024 ",,No,No,No,0%,No,No,No
"@October 29, 2024 ",,No,No,No,0%,No,No,No
"@October 26, 2024 ",,No,No,No,0%,No,No,No
"@October 28, 2024 ",,No,No,No,0%,No,No,No
"@October 20, 2024 ",,No,No,No,0%,No,No,No
"@October 19, 2024 ",,No,No,No,0%,No,No,No
"@October 17, 2024 ",,No,No,No,0%,No,No,No
"@October 31, 2024 ",,No,No,No,0%,No,No,No
"@October 30, 2024 ",,No,No,No,0%,No,No,No
"@November 2, 2024 ",,No,No,No,0%,No,No,No
"@November 8, 2024 ",,No,No,No,0%,No,No,No
"@November 9, 2024 ",,No,No,No,0%,No,No,No
"@November 19, 2024 ",,No,No,No,0%,No,No,No
"@November 4, 2024 ",,No,No,No,0%,No,No,No
"@November 25, 2024 ",,No,No,No,0%,No,No,No
"@November 21, 2024 ",,No,No,No,0%,No,No,No
"@November 16, 2024 ",,No,No,No,0%,No,No,No
"@November 14, 2024 ",,No,No,No,0%,No,No,No
"@November 20, 2024 ",,No,No,No,0%,No,No,No
"@November 17, 2024 ",,No,No,No,0%,No,No,No
"@November 6, 2024 ",,No,No,No,0%,No,No,No
"@November 23, 2024 ",,No,No,No,0%,No,No,No
"@November 13, 2024 ",,No,No,No,0%,No,No,No
"@November 7, 2024 ",,No,No,No,0%,No,No,No
"@November 12, 2024 ",,No,No,No,0%,No,No,No
"@November 22, 2024 ",,No,No,No,0%,No,No,No
"@November 11, 2024 ",,No,No,No,0%,No,No,No
"@November 18, 2024 ",,No,No,No,0%,No,No,No
"@November 10, 2024 ",,No,No,No,0%,No,No,No
"@November 24, 2024 ",,No,No,No,0%,No,No,No
"@November 5, 2024 ",,No,No,No,0%,No,No,No
"@November 15, 2024 ",,No,No,No,0%,No,No,No
"@November 3, 2024 ",,No,No,No,0%,No,No,No
"@November 27, 2024 ",,No,No,No,0%,No,No,No
"@December 8, 2024 ",,No,No,No,0%,No,No,No
"@November 28, 2024 ",,No,No,No,0%,No,No,No
"@December 13, 2024 ",,No,No,No,0%,No,No,No
"@December 12, 2024 ",,No,No,No,0%,No,No,No
"@December 1, 2024 ",,No,No,No,0%,No,No,No
"@December 5, 2024 ",,No,No,No,0%,No,No,No
"@December 15, 2024 ",,No,No,No,0%,No,No,No
"@November 30, 2024 ",,No,No,No,0%,No,No,No
"@December 9, 2024 ",,No,No,No,0%,No,No,No
"@December 3, 2024 ",,No,No,No,0%,No,No,No
"@December 2, 2024 ",,No,No,No,0%,No,No,No
"@December 10, 2024 ",,No,No,No,0%,No,No,No
"@November 26, 2024 ",,No,No,No,0%,No,No,No
"@December 6, 2024 ",,No,No,No,0%,No,No,No
"@December 7, 2024 ",,No,No,No,0%,No,No,No
"@December 14, 2024 ",,No,No,No,0%,No,No,No
"@December 4, 2024 ",,No,No,No,0%,No,No,No
"@November 29, 2024 ",,No,No,No,0%,No,No,No
"@December 11, 2024 ",,No,No,No,0%,No,No,No
"@December 17, 2024 ",,No,No,No,0%,No,No,No
"@December 18, 2024 ",,No,No,No,0%,No,No,No
"@December 19, 2024 ",,No,No,No,0%,No,No,No
"@December 24, 2024 ",,No,No,No,0%,No,No,No
"@December 20, 2024 ",,No,No,No,0%,No,No,No
"@December 21, 2024 ",,No,No,No,0%,No,No,No
"@December 22, 2024 ",,No,No,No,0%,No,No,No
"@December 16, 2024 ",,No,No,No,0%,No,No,No
"@December 23, 2024 ",,No,No,No,0%,No,No,No
"@December 28, 2024 ",,No,No,No,0%,No,No,No
"@January 2, 2025 ",,No,No,No,0%,No,No,No
"@January 6, 2025 ",,No,No,No,0%,No,No,No
"@December 26, 2024 ",,No,No,No,0%,No,No,No
"@December 30, 2024 ",,No,No,No,0%,No,No,No
"@December 25, 2024 ",,No,No,No,0%,No,No,No
"@January 8, 2025 ",,No,No,No,0%,No,No,No
"@December 29, 2024 ",,No,No,No,0%,No,No,No
"@January 1, 2025 ",,No,No,No,0%,No,No,No
"@January 5, 2025 ",,No,No,No,0%,No,No,No
"@January 10, 2025 ",,No,No,No,0%,No,No,No
"@December 31, 2024 ",,No,No,No,0%,No,No,No
"@December 27, 2024 ",,No,No,No,0%,No,No,No
"@January 11, 2025 ",,No,No,No,0%,No,No,No
"@January 3, 2025 ",,No,No,No,0%,No,No,No
"@January 4, 2025 ",,No,No,No,0%,No,No,No
"@January 7, 2025 ",,No,No,No,0%,No,No,No
"@January 9, 2025 ",,No,No,No,0%,No,No,No
"@January 24, 2025 ",,No,No,No,0%,No,No,No
"@January 16, 2025 ",,No,No,No,0%,No,No,No
"@January 21, 2025 ",,No,No,No,0%,No,No,No
"@January 30, 2025 ",,No,No,No,0%,No,No,No
"@January 13, 2025 ",,No,No,No,0%,No,No,No
"@January 19, 2025 ",,No,No,No,0%,No,No,No
"@January 20, 2025 ",,No,No,No,0%,No,No,No
"@January 15, 2025 ",,No,No,No,0%,No,No,No
"@January 23, 2025 ",,No,No,No,0%,No,No,No
"@January 22, 2025 ",,No,No,No,0%,No,No,No
"@January 25, 2025 ",,No,No,No,0%,No,No,No
"@January 27, 2025 ",,No,No,No,0%,No,No,No
"@January 26, 2025 ",,No,No,No,0%,No,No,No
"@January 17, 2025 ",,No,No,No,0%,No,No,No
"@January 12, 2025 ",,No,No,No,0%,No,No,No
"@January 18, 2025 ",,No,No,No,0%,No,No,No
"@January 29, 2025 ",,No,No,No,0%,No,No,No
"@January 28, 2025 ",,No,No,No,0%,No,No,No
"@January 14, 2025 ",,No,No,No,0%,No,No,No
"@February 12, 2025 ",,No,No,No,0%,No,No,No
"@February 13, 2025 ",,No,No,No,0%,No,No,No
"@February 4, 2025 ",,No,No,No,0%,No,No,No
"@February 6, 2025 ",,No,No,No,0%,No,No,No
"@February 14, 2025 ",,No,No,No,0%,No,No,No
"@February 5, 2025 ",,No,No,No,0%,No,No,No
"@January 31, 2025 ",,No,No,No,0%,No,No,No
"@February 10, 2025 ",,No,No,No,0%,No,No,No
"@February 1, 2025 ",,No,No,No,0%,No,No,No
"@February 8, 2025 ",,No,No,No,0%,No,No,No
"@February 3, 2025 ",,No,No,No,0%,No,No,No
"@February 7, 2025 ",,No,No,No,0%,No,No,No
"@February 9, 2025 ",,No,No,No,0%,No,No,No
"@February 11, 2025 ",,No,No,No,0%,No,No,No
"@February 2, 2025 ",,No,No,No,0%,No,No,No
"@March 6, 2025 ",,No,No,No,0%,No,No,No
"@March 4, 2025 ",,No,No,No,0%,No,No,No
"@February 17, 2025 ",,No,No,No,0%,No,No,No
"@February 25, 2025 ",,No,No,No,0%,No,No,No
"@February 27, 2025 ",,No,No,No,0%,No,No,No
"@February 15, 2025 ",,No,No,No,0%,No,No,No
"@March 1, 2025 ",,No,No,No,0%,No,No,No
"@February 19, 2025 ",,No,No,No,0%,No,No,No
"@February 22, 2025 ",,No,No,No,0%,No,No,No
"@March 7, 2025 ",,No,No,No,0%,No,No,No
"@March 3, 2025 ",,No,No,No,0%,No,No,No
"@February 24, 2025 ",,No,No,No,0%,No,No,No
"@March 2, 2025 ",,No,No,No,0%,No,No,No
"@February 23, 2025 ",,No,No,No,0%,No,No,No
"@March 8, 2025 ",,No,No,No,0%,No,No,No
"@February 28, 2025 ",,No,No,No,0%,No,No,No
"@February 26, 2025 ",,No,No,No,0%,No,No,No
"@February 18, 2025 ",,No,No,No,0%,No,No,No
"@February 16, 2025 ",,No,No,No,0%,No,No,No
"@March 5, 2025 ",,No,No,No,0%,No,No,No
"@February 20, 2025 ",,No,No,No,0%,No,No,No
"@February 21, 2025 ",,No,No,No,0%,No,No,No
"@March 12, 2025 ",,No,No,No,0%,No,No,No
"@March 19, 2025 ",,No,No,No,0%,No,No,No
"@March 17, 2025 ",,No,No,No,0%,No,No,No
"@March 11, 2025 ",,No,No,No,0%,No,No,No
"@March 16, 2025 ",,No,No,No,0%,No,No,No
"@March 20, 2025 ",,No,No,No,0%,No,No,No
"@March 14, 2025 ",,No,No,No,0%,No,No,No
"@March 15, 2025 ",,No,No,No,0%,No,No,No
"@March 9, 2025 ",,No,No,No,0%,No,No,No
"@March 21, 2025 ",,No,No,No,0%,No,No,No
"@March 24, 2025 ",,No,No,No,0%,No,No,No
"@March 18, 2025 ",,No,No,No,0%,No,No,No
"@March 23, 2025 ",,No,No,No,0%,No,No,No
"@March 13, 2025 ",,No,No,No,0%,No,No,No
"@March 10, 2025 ",,No,No,No,0%,No,No,No
"@March 22, 2025 ",,No,No,No,0%,No,No,No
"@March 30, 2025 ",,No,No,No,0%,No,No,No
"@March 28, 2025 ",,No,No,No,0%,No,No,No
"@April 9, 2025 ",,No,No,No,0%,No,No,No
"@April 7, 2025 ",,No,No,No,0%,No,No,No
"@April 10, 2025 ",,No,No,No,0%,No,No,No
"@April 12, 2025 ",,No,No,No,0%,No,No,No
"@April 6, 2025 ",,No,No,No,0%,No,No,No
"@April 2, 2025 ",,No,No,No,0%,No,No,No
"@March 31, 2025 ",,No,No,No,0%,No,No,No
"@March 26, 2025 ",,No,No,No,0%,No,No,No
"@April 3, 2025 ",,No,No,No,0%,No,No,No
"@April 4, 2025 ",,No,No,No,0%,No,No,No
"@April 5, 2025 ",,No,No,No,0%,No,No,No
"@March 27, 2025 ",,No,No,No,0%,No,No,No
"@April 11, 2025 ",,No,No,No,0%,No,No,No
"@March 29, 2025 ",,No,No,No,0%,No,No,No
"@April 1, 2025 ",,No,No,No,0%,No,No,No
"@March 25, 2025 ",,No,No,No,0%,No,No,No
"@April 8, 2025 ",,No,No,No,0%,No,No,No
"@April 13, 2025 ",,No,No,No,0%,No,No,No
"@April 20, 2025 ",,No,No,No,0%,No,No,No
"@April 15, 2025 ",,No,No,No,0%,No,No,No
"@April 21, 2025 ",,No,No,No,0%,No,No,No
"@April 18, 2025 ",,No,No,No,0%,No,No,No
"@April 26, 2025 ",,No,No,No,0%,No,No,No
"@April 22, 2025 ",,No,No,No,0%,No,No,No
"@April 25, 2025 ",,No,No,No,0%,No,No,No
"@April 19, 2025 ",,No,No,No,0%,No,No,No
"@April 23, 2025 ",,No,No,No,0%,No,No,No
"@October 1, 2024 ","October 1, 2024",Yes,Yes,Yes,100%,Yes,Yes,Yes
"@April 16, 2025 ",,No,No,No,0%,No,No,No
"@April 24, 2025 ",,No,No,No,0%,No,No,No
"@April 14, 2025 ",,No,No,No,0%,No,No,No
"@April 17, 2025 ",,No,No,No,0%,No,No,No
"@May 4, 2025 ","May 4, 2025",Yes,Yes,Yes,100%,Yes,Yes,Yes
"@April 28, 2025 ",,No,No,No,0%,No,No,No
"@May 3, 2025 ",,No,No,No,0%,No,No,No
"@April 30, 2025 ",,No,No,No,0%,No,No,No
"@May 6, 2025 ",,No,No,No,0%,No,No,No
"@May 1, 2025 ",,No,No,No,0%,No,No,No
"@May 8, 2025 ","May 8, 2025",Yes,Yes,Yes,100%,Yes,Yes,Yes
"@April 27, 2025 ",,No,No,No,0%,No,No,No
"@May 2, 2025 ",,No,No,No,0%,No,No,No
"@May 7, 2025 ",,No,No,No,0%,No,No,No
"@April 29, 2025 ",,No,No,No,0%,No,No,No
"@May 6, 2025 ","May 6, 2025",Yes,Yes,Yes,100%,Yes,Yes,Yes
"@May 5, 2025 ",,No,No,No,0%,No,No,No
"@May 4, 2025 ",,No,No,No,0%,No,No,No
"@May 8, 2025 ",,No,No,No,0%,No,No,No
"@May 5, 2025 ","May 5, 2025",Yes,Yes,Yes,84%,Yes,No,Yes
"@May 7, 2025 ","May 7, 2025",Yes,Yes,Yes,67%,Yes,No,No
"@May 9, 2025 ",,No,No,No,0%,No,No,No
"@May 15, 2025 ",,No,No,No,0%,No,No,No
"@May 17, 2025 ",,No,No,No,0%,No,No,No
"@May 18, 2025 ",,No,No,No,0%,No,No,No
"@May 22, 2025 ",,No,No,No,0%,No,No,No
"@May 20, 2025 ",,No,No,No,0%,No,No,No
"@May 14, 2025 ",,No,No,No,0%,No,No,No
"@May 12, 2025 ",,No,No,No,0%,No,No,No
"@May 13, 2025 ",,No,No,No,0%,No,No,No
"@May 16, 2025 ",,No,No,No,0%,No,No,No
"@May 21, 2025 ",,No,No,No,0%,No,No,No
"@May 11, 2025 ",,No,No,No,0%,No,No,No
"@May 19, 2025 ",,No,No,No,0%,No,No,No
"@May 10, 2025 ",,No,No,No,0%,No,No,No
"@May 29, 2025 ",,No,No,No,0%,No,No,No
"@May 31, 2025 ",,No,No,No,0%,No,No,No
"@June 3, 2025 ",,No,No,No,0%,No,No,No
"@May 25, 2025 ",,No,No,No,0%,No,No,No
"@May 24, 2025 ",,No,No,No,0%,No,No,No
"@June 5, 2025 ",,No,No,No,0%,No,No,No
"@May 28, 2025 ",,No,No,No,0%,No,No,No
"@June 4, 2025 ",,No,No,No,0%,No,No,No
"@June 1, 2025 ",,No,No,No,0%,No,No,No
"@June 6, 2025 ",,No,No,No,0%,No,No,No
"@May 27, 2025 ",,No,No,No,0%,No,No,No
"@May 23, 2025 ",,No,No,No,0%,No,No,No
"@May 30, 2025 ",,No,No,No,0%,No,No,No
"@May 26, 2025 ",,No,No,No,0%,No,No,No
"@June 2, 2025 ",,No,No,No,0%,No,No,No
"@June 9, 2025 ",,No,No,No,0%,No,No,No
"@June 13, 2025 ",,No,No,No,0%,No,No,No
"@June 14, 2025 ",,No,No,No,0%,No,No,No
"@June 15, 2025 ",,No,No,No,0%,No,No,No
"@June 18, 2025 ",,No,No,No,0%,No,No,No
"@June 12, 2025 ",,No,No,No,0%,No,No,No
"@June 23, 2025 ",,No,No,No,0%,No,No,No
"@June 17, 2025 ",,No,No,No,0%,No,No,No
"@June 20, 2025 ",,No,No,No,0%,No,No,No
"@June 16, 2025 ",,No,No,No,0%,No,No,No
"@June 8, 2025 ",,No,No,No,0%,No,No,No
"@June 19, 2025 ",,No,No,No,0%,No,No,No
"@June 10, 2025 ",,No,No,No,0%,No,No,No
"@June 7, 2025 ",,No,No,No,0%,No,No,No
"@June 21, 2025 ",,No,No,No,0%,No,No,No
"@June 22, 2025 ",,No,No,No,0%,No,No,No
"@June 11, 2025 ",,No,No,No,0%,No,No,No
"@June 24, 2025 ",,No,No,No,0%,No,No,No
"@July 7, 2025 ",,No,No,No,0%,No,No,No
"@June 29, 2025 ",,No,No,No,0%,No,No,No
"@June 28, 2025 ",,No,No,No,0%,No,No,No
"@July 5, 2025 ",,No,No,No,0%,No,No,No
"@July 2, 2025 ",,No,No,No,0%,No,No,No
"@July 6, 2025 ",,No,No,No,0%,No,No,No
"@June 27, 2025 ",,No,No,No,0%,No,No,No
"@June 30, 2025 ",,No,No,No,0%,No,No,No
"@July 4, 2025 ",,No,No,No,0%,No,No,No
"@June 25, 2025 ",,No,No,No,0%,No,No,No
"@June 26, 2025 ",,No,No,No,0%,No,No,No
"@July 3, 2025 ",,No,No,No,0%,No,No,No
"@July 1, 2025 ",,No,No,No,0%,No,No,No
"@July 18, 2025 ",,No,No,No,0%,No,No,No
"@July 20, 2025 ",,No,No,No,0%,No,No,No
"@July 13, 2025 ",,No,No,No,0%,No,No,No
"@July 8, 2025 ",,No,No,No,0%,No,No,No
"@July 14, 2025 ",,No,No,No,0%,No,No,No
"@July 16, 2025 ",,No,No,No,0%,No,No,No
"@July 22, 2025 ",,No,No,No,0%,No,No,No
"@July 11, 2025 ",,No,No,No,0%,No,No,No
"@July 17, 2025 ",,No,No,No,0%,No,No,No
"@July 15, 2025 ",,No,No,No,0%,No,No,No
"@July 19, 2025 ",,No,No,No,0%,No,No,No
"@July 26, 2025 ",,No,No,No,0%,No,No,No
"@July 24, 2025 ",,No,No,No,0%,No,No,No
"@July 25, 2025 ",,No,No,No,0%,No,No,No
"@July 23, 2025 ",,No,No,No,0%,No,No,No
"@July 12, 2025 ",,No,No,No,0%,No,No,No
"@July 21, 2025 ",,No,No,No,0%,No,No,No
"@July 9, 2025 ",,No,No,No,0%,No,No,No
"@July 10, 2025 ",,No,No,No,0%,No,No,No
"@August 4, 2025 ",,No,No,No,0%,No,No,No
"@August 3, 2025 ",,No,No,No,0%,No,No,No
"@August 2, 2025 ",,No,No,No,0%,No,No,No
"@August 6, 2025 ",,No,No,No,0%,No,No,No
"@August 1, 2025 ",,No,No,No,0%,No,No,No
"@July 31, 2025 ",,No,No,No,0%,No,No,No
"@July 27, 2025 ",,No,No,No,0%,No,No,No
"@July 28, 2025 ",,No,No,No,0%,No,No,No
"@August 5, 2025 ",,No,No,No,0%,No,No,No
"@July 30, 2025 ",,No,No,No,0%,No,No,No
"@July 29, 2025 ",,No,No,No,0%,No,No,No
"@August 17, 2025 ",,No,No,No,0%,No,No,No
"@August 7, 2025 ",,No,No,No,0%,No,No,No
"@August 9, 2025 ",,No,No,No,0%,No,No,No
"@August 13, 2025 ",,No,No,No,0%,No,No,No
"@August 15, 2025 ",,No,No,No,0%,No,No,No
"@August 18, 2025 ",,No,No,No,0%,No,No,No
"@August 8, 2025 ",,No,No,No,0%,No,No,No
"@August 14, 2025 ",,No,No,No,0%,No,No,No
"@August 10, 2025 ",,No,No,No,0%,No,No,No
"@August 16, 2025 ",,No,No,No,0%,No,No,No
"@August 11, 2025 ",,No,No,No,0%,No,No,No
"@August 12, 2025 ",,No,No,No,0%,No,No,No
"@August 30, 2025 ",,No,No,No,0%,No,No,No
"@August 22, 2025 ",,No,No,No,0%,No,No,No
"@August 29, 2025 ",,No,No,No,0%,No,No,No
"@August 20, 2025 ",,No,No,No,0%,No,No,No
"@August 26, 2025 ",,No,No,No,0%,No,No,No
"@August 19, 2025 ",,No,No,No,0%,No,No,No
"@August 23, 2025 ",,No,No,No,0%,No,No,No
"@August 25, 2025 ",,No,No,No,0%,No,No,No
"@August 24, 2025 ",,No,No,No,0%,No,No,No
"@August 21, 2025 ",,No,No,No,0%,No,No,No
"@August 27, 2025 ",,No,No,No,0%,No,No,No
"@August 28, 2025 ",,No,No,No,0%,No,No,No
"@September 1, 2025 ",,No,No,No,0%,No,No,No
"@September 9, 2025 ",,No,No,No,0%,No,No,No
"@September 8, 2025 ",,No,No,No,0%,No,No,No
"@September 3, 2025 ",,No,No,No,0%,No,No,No
"@August 31, 2025 ",,No,No,No,0%,No,No,No
"@September 7, 2025 ",,No,No,No,0%,No,No,No
"@September 10, 2025 ",,No,No,No,0%,No,No,No
"@September 6, 2025 ",,No,No,No,0%,No,No,No
"@September 4, 2025 ",,No,No,No,0%,No,No,No
"@September 5, 2025 ",,No,No,No,0%,No,No,No
"@September 11, 2025 ",,No,No,No,0%,No,No,No
"@September 2, 2025 ",,No,No,No,0%,No,No,No
"@September 9, 2024 ",,No,No,No,0%,No,No,No
"@September 17, 2025 ",,No,No,No,0%,No,No,No
"@September 13, 2025 ",,No,No,No,0%,No,No,No
"@September 20, 2025 ",,No,No,No,0%,No,No,No
"@September 15, 2025 ",,No,No,No,0%,No,No,No
"@September 16, 2025 ",,No,No,No,0%,No,No,No
"@September 19, 2025 ",,No,No,No,0%,No,No,No
"@September 18, 2025 ",,No,No,No,0%,No,No,No
"@September 14, 2025 ",,No,No,No,0%,No,No,No
"@September 12, 2025 ",,No,No,No,0%,No,No,No
"@September 21, 2025 ",,No,No,No,0%,No,No,No
"@September 22, 2025 ",,No,No,No,0%,No,No,No
"@September 29, 2025 ",,No,No,No,0%,No,No,No
"@September 24, 2025 ",,No,No,No,0%,No,No,No
"@September 23, 2025 ",,No,No,No,0%,No,No,No
"@October 4, 2025 ",,No,No,No,0%,No,No,No
"@October 2, 2025 ",,No,No,No,0%,No,No,No
"@October 1, 2025 ",,No,No,No,0%,No,No,No
"@September 30, 2025 ",,No,No,No,0%,No,No,No
"@October 3, 2025 ",,No,No,No,0%,No,No,No
"@September 28, 2025 ",,No,No,No,0%,No,No,No
"@September 26, 2025 ",,No,No,No,0%,No,No,No
"@September 27, 2025 ",,No,No,No,0%,No,No,No
"@September 25, 2025 ",,No,No,No,0%,No,No,No
"@October 6, 2025 ",,No,No,No,0%,No,No,No
"@October 5, 2025 ",,No,No,No,0%,No,No,No
"@October 7, 2025 ",,No,No,No,0%,No,No,No
"@October 11, 2025 ",,No,No,No,0%,No,No,No
"@October 10, 2025 ",,No,No,No,0%,No,No,No
"@October 17, 2025 ",,No,No,No,0%,No,No,No
"@October 8, 2025 ",,No,No,No,0%,No,No,No
"@October 9, 2025 ",,No,No,No,0%,No,No,No
"@October 12, 2025 ",,No,No,No,0%,No,No,No
"@October 15, 2025 ",,No,No,No,0%,No,No,No
"@October 13, 2025 ",,No,No,No,0%,No,No,No
"@October 16, 2025 ",,No,No,No,0%,No,No,No
"@October 14, 2025 ",,No,No,No,0%,No,No,No
"@October 25, 2025 ",,No,No,No,0%,No,No,No
"@October 18, 2025 ",,No,No,No,0%,No,No,No
"@October 26, 2025 ",,No,No,No,0%,No,No,No
"@October 24, 2025 ",,No,No,No,0%,No,No,No
"@October 19, 2025 ",,No,No,No,0%,No,No,No
"@October 27, 2025 ",,No,No,No,0%,No,No,No
"@October 21, 2025 ",,No,No,No,0%,No,No,No
"@October 28, 2025 ",,No,No,No,0%,No,No,No
"@October 29, 2025 ",,No,No,No,0%,No,No,No
"@October 20, 2025 ",,No,No,No,0%,No,No,No
"@October 23, 2025 ",,No,No,No,0%,No,No,No
"@October 22, 2025 ",,No,No,No,0%,No,No,No
"@November 5, 2025 ",,No,No,No,0%,No,No,No
"@November 2, 2025 ",,No,No,No,0%,No,No,No
"@October 31, 2025 ",,No,No,No,0%,No,No,No
"@November 3, 2025 ",,No,No,No,0%,No,No,No
"@November 9, 2025 ",,No,No,No,0%,No,No,No
"@November 7, 2025 ",,No,No,No,0%,No,No,No
"@October 30, 2025 ",,No,No,No,0%,No,No,No
"@November 6, 2025 ",,No,No,No,0%,No,No,No
"@November 8, 2025 ",,No,No,No,0%,No,No,No
"@November 4, 2025 ",,No,No,No,0%,No,No,No
"@November 1, 2025 ",,No,No,No,0%,No,No,No
"@November 19, 2025 ",,No,No,No,0%,No,No,No
"@November 13, 2025 ",,No,No,No,0%,No,No,No
"@November 10, 2025 ",,No,No,No,0%,No,No,No
"@November 17, 2025 ",,No,No,No,0%,No,No,No
"@November 20, 2025 ",,No,No,No,0%,No,No,No
"@November 18, 2025 ",,No,No,No,0%,No,No,No
"@November 12, 2025 ",,No,No,No,0%,No,No,No
"@November 16, 2025 ",,No,No,No,0%,No,No,No
"@November 11, 2025 ",,No,No,No,0%,No,No,No
"@November 15, 2025 ",,No,No,No,0%,No,No,No
"@November 14, 2025 ",,No,No,No,0%,No,No,No
"@November 29, 2025 ",,No,No,No,0%,No,No,No
"@December 2, 2025 ",,No,No,No,0%,No,No,No
"@December 1, 2025 ",,No,No,No,0%,No,No,No
"@November 21, 2025 ",,No,No,No,0%,No,No,No
"@November 23, 2025 ",,No,No,No,0%,No,No,No
"@November 28, 2025 ",,No,No,No,0%,No,No,No
"@November 26, 2025 ",,No,No,No,0%,No,No,No
"@November 22, 2025 ",,No,No,No,0%,No,No,No
"@November 25, 2025 ",,No,No,No,0%,No,No,No
"@November 24, 2025 ",,No,No,No,0%,No,No,No
"@November 27, 2025 ",,No,No,No,0%,No,No,No
"@November 30, 2025 ",,No,No,No,0%,No,No,No
"@December 3, 2025 ",,No,No,No,0%,No,No,No
"@December 13, 2025 ",,No,No,No,0%,No,No,No
"@December 9, 2025 ",,No,No,No,0%,No,No,No
"@December 4, 2025 ",,No,No,No,0%,No,No,No
"@December 7, 2025 ",,No,No,No,0%,No,No,No
"@December 8, 2025 ",,No,No,No,0%,No,No,No
"@December 14, 2025 ",,No,No,No,0%,No,No,No
"@December 6, 2025 ",,No,No,No,0%,No,No,No
"@December 10, 2025 ",,No,No,No,0%,No,No,No
"@December 5, 2025 ",,No,No,No,0%,No,No,No
"@December 11, 2025 ",,No,No,No,0%,No,No,No
"@December 12, 2025 ",,No,No,No,0%,No,No,No
"@December 15, 2025 ",,No,No,No,0%,No,No,No
"@December 19, 2025 ",,No,No,No,0%,No,No,No
"@December 21, 2025 ",,No,No,No,0%,No,No,No
"@December 23, 2025 ",,No,No,No,0%,No,No,No
"@December 24, 2025 ",,No,No,No,0%,No,No,No
"@December 17, 2025 ",,No,No,No,0%,No,No,No
"@December 18, 2025 ",,No,No,No,0%,No,No,No
"@December 22, 2025 ",,No,No,No,0%,No,No,No
"@September 6, 2024 ",,No,No,No,0%,No,No,No
"@December 25, 2025 ",,No,No,No,0%,No,No,No
"@December 16, 2025 ",,No,No,No,0%,No,No,No
"@December 20, 2025 ",,No,No,No,0%,No,No,No
"@March 17, 2024 ","May 30, 2024",Yes,No,Yes,50%,No,No,Yes
"@January 5, 2026 ",,No,No,No,0%,No,No,No
"@January 2, 2026 ",,No,No,No,0%,No,No,No
"@January 3, 2026 ",,No,No,No,0%,No,No,No
"@January 1, 2026 ",,No,No,No,0%,No,No,No
"@December 30, 2025 ",,No,No,No,0%,No,No,No
"@January 4, 2026 ",,No,No,No,0%,No,No,No
"@December 27, 2025 ",,No,No,No,0%,No,No,No
"@December 28, 2025 ",,No,No,No,0%,No,No,No
"@December 29, 2025 ",,No,No,No,0%,No,No,No
"@December 26, 2025 ",,No,No,No,0%,No,No,No
"@December 31, 2025 ",,No,No,No,0%,No,No,No
"@January 12, 2026 ",,No,No,No,0%,No,No,No
"@January 7, 2026 ",,No,No,No,0%,No,No,No
"@January 9, 2026 ",,No,No,No,0%,No,No,No
"@January 13, 2026 ",,No,No,No,0%,No,No,No
"@January 10, 2026 ",,No,No,No,0%,No,No,No
"@January 14, 2026 ",,No,No,No,0%,No,No,No
"@January 16, 2026 ",,No,No,No,0%,No,No,No
"@January 8, 2026 ",,No,No,No,0%,No,No,No
"@January 17, 2026 ",,No,No,No,0%,No,No,No
"@January 15, 2026 ",,No,No,No,0%,No,No,No
"@January 6, 2026 ",,No,No,No,0%,No,No,No
"@January 11, 2026 ",,No,No,No,0%,No,No,No
"@January 21, 2026 ",,No,No,No,0%,No,No,No
"@August 14, 2024 ",,No,No,No,0%,No,No,No
"@January 19, 2026 ",,No,No,No,0%,No,No,No
"@January 18, 2026 ",,No,No,No,0%,No,No,No
"@January 27, 2026 ",,No,No,No,0%,No,No,No
"@January 26, 2026 ",,No,No,No,0%,No,No,No
"@January 24, 2026 ",,No,No,No,0%,No,No,No
"@January 22, 2026 ",,No,No,No,0%,No,No,No
"@January 23, 2026 ",,No,No,No,0%,No,No,No
"@January 25, 2026 ",,No,No,No,0%,No,No,No
"@January 28, 2026 ",,No,No,No,0%,No,No,No
"@January 20, 2026 ",,No,No,No,0%,No,No,No
"@March 21, 2024 ",,No,No,No,0%,No,No,No
"@February 3, 2026 ",,No,No,No,0%,No,No,No
"@February 6, 2026 ",,No,No,No,0%,No,No,No
"@August 29, 2024 ",,No,No,No,0%,No,No,No
"@August 8, 2024 ",,No,No,No,0%,No,No,No
"@September 10, 2024 ",,No,No,No,0%,No,No,No
"@January 30, 2026 ",,No,No,No,0%,No,No,No
"@February 4, 2026 ",,No,No,No,0%,No,No,No
"@February 5, 2026 ",,No,No,No,0%,No,No,No
"@January 29, 2026 ",,No,No,No,0%,No,No,No
"@February 2, 2026 ",,No,No,No,0%,No,No,No
"@February 1, 2026 ",,No,No,No,0%,No,No,No
"@January 31, 2026 ",,No,No,No,0%,No,No,No
"@October 2, 2024 ","October 2, 2024",Yes,Yes,Yes,100%,Yes,Yes,Yes
,"July 31, 2024",Yes,Yes,Yes,100%,Yes,Yes,Yes
"@August 15, 2024 ",,No,No,No,0%,No,No,No
"@August 28, 2024 ",,No,No,No,0%,No,No,No
"@August 23, 2024 ",,No,No,No,0%,No,No,No
"@September 29, 2024 ","September 29, 2024",Yes,Yes,Yes,100%,Yes,Yes,Yes
"@August 27, 2024 ",,No,No,No,0%,No,No,No
"@September 5, 2024 ",,No,No,No,0%,No,No,No
,"July 30, 2024",Yes,Yes,Yes,100%,Yes,Yes,Yes
"@May 27, 2024 ","May 28, 2024",Yes,Yes,Yes,100%,Yes,Yes,Yes
"@August 9, 2024 ",,No,No,No,0%,No,No,No
"@August 21, 2024 ",,No,No,No,0%,No,No,No
"@May 29, 2024 ",,No,Yes,No,17%,No,No,No
,"May 13, 2024",No,No,No,0%,No,No,No
"@August 31, 2024 ",,No,No,No,0%,No,No,No
"@August 18, 2024 ",,No,No,No,0%,No,No,No
"@September 13, 2024 ",,No,No,No,0%,No,No,No
"@August 22, 2024 ",,No,No,No,0%,No,No,No
"@August 13, 2024 ",,No,No,No,0%,No,No,No
"@August 26, 2024 ",,No,No,No,0%,No,No,No
"@August 19, 2024 ",,No,No,No,0%,No,No,No
"@September 30, 2024 ","September 30, 2024",Yes,No,Yes,34%,No,No,No
"@September 11, 2024 ",,No,No,No,0%,No,No,No
"@August 11, 2024 ",,No,No,No,0%,No,No,No
"@March 22, 2024 ",,No,No,No,0%,No,No,No
"@May 28, 2024 ",,No,Yes,No,17%,No,No,No
"@May 31, 2024 ",,No,Yes,No,17%,No,No,No
"@August 6, 2024 ",,No,No,No,0%,No,No,No
"@March 20, 2024 ",,No,No,No,0%,No,No,No
"@August 25, 2024 ",,No,No,No,0%,No,No,No
,"August 1, 2024",Yes,Yes,Yes,100%,Yes,Yes,Yes
"@March 10, 2024 ","March 11, 2024",Yes,Yes,Yes,100%,Yes,Yes,Yes
"@August 16, 2024 ",,No,No,No,0%,No,No,No
"@March 18, 2024 ",,No,No,No,0%,No,No,No
"@September 1, 2024 ",,No,No,No,0%,No,No,No
"@March 16, 2024 ",,No,No,No,0%,No,No,No
"@August 5, 2024 ",,No,No,No,0%,No,No,No
"@August 3, 2024 ",,No,No,No,0%,No,No,No
"@August 4, 2024 ",,No,No,No,0%,No,No,No
"@September 7, 2024 ",,No,No,No,0%,No,No,No
"@March 14, 2024 ",,No,No,No,0%,No,No,No
"@August 30, 2024 ",,No,No,No,0%,No,No,No
"@May 30, 2024 ",,No,Yes,No,17%,No,No,No
"@October 3, 2024 ","October 3, 2024",Yes,Yes,Yes,84%,No,Yes,Yes
"@August 17, 2024 ",,No,No,No,0%,No,No,No
"@March 12, 2024 ","March 9, 2024",Yes,Yes,Yes,84%,No,Yes,Yes
"@September 12, 2024 ",,No,No,No,0%,No,No,No
"@September 4, 2024 ",,No,No,No,0%,No,No,No
"@March 19, 2024 ","May 29, 2024",Yes,No,Yes,67%,No,Yes,Yes
"@September 3, 2024 ",,No,No,No,0%,No,No,No
"@August 20, 2024 ",,No,No,No,0%,No,No,No
"@August 10, 2024 ",,No,No,No,0%,No,No,No
"@August 24, 2024 ",,No,No,No,0%,No,No,No
"@August 12, 2024 ",,No,No,No,0%,No,No,No
"@March 13, 2024 ",,No,No,No,0%,No,No,No
"@February 7, 2026 ",,No,No,No,0%,No,No,No