Name,Date,Life Areas,Mood
"@May 4, 2025 ","May 4, 2025",,Low Energy
"@May 7, 2025 ","May 7, 2025",,Motivated
"@May 5, 2024 ","October 4, 2024",Work (../../Areas/Areas/Work%202ffea6baeea781e6b7f2cc7711dde97b.md),Normal
"@May 5, 2025 ","May 5, 2025",,Normal
"@May 6, 2025 ","May 6, 2025",,Existed
"@May 5, 2024 ","May 29, 2024",,Motivated
"@May 5, 2024 ","May 28, 2024",,Normal
"@May 5, 2024 ","May 31, 2024",,Saad
"@May 8, 2025 ","May 8, 2025",,Saad
"@May 5, 2024 ","May 30, 2024",,Motivated
"@May 5, 2024 ","May 27, 2024",Work (../../Areas/Areas/Work%202ffea6baeea781e6b7f2cc7711dde97b.md),Existed